"DateTime","Médiane","Intervalle de confiance à 95% (low)","Intervalle de confiance à 95% (high)"
"2020-03-13 00:00:00",2.06746295527412,1.90214511765183,2.23957112851834
"2020-03-14 00:00:00",2.11261623906595,1.96736715543612,2.26296488368089
"2020-03-15 00:00:00",2.13530079746035,2.00660665492497,2.26793826518787
"2020-03-16 00:00:00",2.12664708894017,2.01258709291704,2.24380651418565
"2020-03-17 00:00:00",2.06541340151758,1.96545944675679,2.16781152033974
"2020-03-18 00:00:00",1.92569043300686,1.84043574921779,2.01284824659103
"2020-03-19 00:00:00",1.73849087665114,1.66716680025664,1.81128793345182
"2020-03-20 00:00:00",1.56225250128951,1.50221872270404,1.62344602134098
"2020-03-21 00:00:00",1.42093359572321,1.36932683546383,1.47348158219331
"2020-03-22 00:00:00",1.31210684863842,1.26667969750374,1.35832311710671
"2020-03-23 00:00:00",1.2312906414941,1.19031699288351,1.27294793719538
"2020-03-24 00:00:00",1.17824410669732,1.14026829150303,1.21683330490389
"2020-03-25 00:00:00",1.14772541813239,1.11164608815028,1.18437288981273
"2020-03-26 00:00:00",1.13084982429873,1.09599435641582,1.16624328905894
"2020-03-27 00:00:00",1.12029412546874,1.08630596133578,1.15479853933785
"2020-03-28 00:00:00",1.11363176314082,1.08029339795154,1.14746969691679
"2020-03-29 00:00:00",1.10995405475697,1.07711327525258,1.14328112202153
"2020-03-30 00:00:00",1.10957475196774,1.07711563499676,1.1425090016475
"2020-03-31 00:00:00",1.11181955135652,1.07966774654947,1.1444365145261
"2020-04-01 00:00:00",1.11666877345389,1.08476947204779,1.14902388626919
"2020-04-02 00:00:00",1.1234299503491,1.09175157779552,1.15555505386938
"2020-04-03 00:00:00",1.13117651286869,1.09970962353435,1.16308108572635
"2020-04-04 00:00:00",1.13878297226635,1.10754180984368,1.17045259651531
"2020-04-05 00:00:00",1.14408685730891,1.11312180181035,1.1754708053853
"2020-04-06 00:00:00",1.14644158406578,1.11581293452755,1.17747916005809
"2020-04-07 00:00:00",1.14330933691546,1.11310699781427,1.17391032731741
"2020-04-08 00:00:00",1.13382361687788,1.10413932031397,1.16389618191427
"2020-04-09 00:00:00",1.11735789485292,1.08827910027735,1.14681474044527
"2020-04-10 00:00:00",1.09506312992595,1.06664762236679,1.12384697417291
"2020-04-11 00:00:00",1.06864407325524,1.0409116606586,1.09673600003244
"2020-04-12 00:00:00",1.04027772927574,1.01320491533628,1.06770251464272
"2020-04-13 00:00:00",1.01192846281797,0.985454477608292,1.03874847409711
"2020-04-14 00:00:00",0.985360605996088,0.95939475113832,1.01166833920365
"2020-04-15 00:00:00",0.962854422412433,0.937273670834458,0.988774779585793
"2020-04-16 00:00:00",0.946257244759677,0.920915080913723,0.97193859146673
"2020-04-17 00:00:00",0.936803795508716,0.911540895449477,0.962407193267385
"2020-04-18 00:00:00",0.934628839436854,0.909291449759634,0.960309559471214
"2020-04-19 00:00:00",0.939456910197247,0.913907308193834,0.965353838790447
"2020-04-20 00:00:00",0.950260225181274,0.924391730907226,0.976480727148658
"2020-04-21 00:00:00",0.965158629660787,0.938910040087035,0.991764048006359
"2020-04-22 00:00:00",0.981510607494637,0.954876611757519,1.00850585586977
"2020-04-23 00:00:00",0.996400534543086,0.969432653867056,1.02373323436357
"2020-04-24 00:00:00",1.00740766962015,0.980201872468702,1.03498068357072
"2020-04-25 00:00:00",1.0138180149464,0.986483472045534,1.04152090635691
"2020-04-26 00:00:00",1.0150073925947,0.987656408632375,1.0427267332958
"2020-04-27 00:00:00",1.01071381095427,0.983449975760328,1.03834521931634
"2020-04-28 00:00:00",1.00092176903791,0.97383411969356,1.02837582209855
"2020-04-29 00:00:00",0.987147213126302,0.960290205070735,1.01436946448914
"2020-04-30 00:00:00",0.970803699874705,0.944199696600891,0.997772167265525
"2020-05-01 00:00:00",0.953764464044143,0.92739806110235,0.980495289817705
"2020-05-02 00:00:00",0.938058205286924,0.911875675937585,0.964606158485712
"2020-05-03 00:00:00",0.924416661874868,0.898347330393924,0.950853664037921
"2020-05-04 00:00:00",0.914577258243116,0.888523360588454,0.941002395981028
"2020-05-05 00:00:00",0.908036068522772,0.881908737263792,0.93453947927597
"2020-05-06 00:00:00",0.904872350697556,0.878586666898628,0.931540070595317
"2020-05-07 00:00:00",0.904037482018198,0.877531536797771,0.930932304647262
"2020-05-08 00:00:00",0.904632126130353,0.877866311762174,0.931794273597648
"2020-05-09 00:00:00",0.906039681626446,0.87899209703725,0.933491413265708
"2020-05-10 00:00:00",0.906511034068727,0.879192784113357,0.934241404807818
"2020-05-11 00:00:00",0.905514885243028,0.877949501158522,0.933500407021361
"2020-05-12 00:00:00",0.901338171286996,0.873577541778121,0.929526963318607
"2020-05-13 00:00:00",0.892822235424454,0.864936068922177,0.921144662509988
"2020-05-14 00:00:00",0.879163605277036,0.85123180689505,0.907540014082351
"2020-05-15 00:00:00",0.860876231311502,0.832965390590584,0.889240595638581
"2020-05-16 00:00:00",0.839381234633648,0.811525958542898,0.867699977689246
"2020-05-17 00:00:00",0.81571008184801,0.787915811245171,0.843979396259207
"2020-05-18 00:00:00",0.790750246584722,0.76299505608518,0.818994353288078
"2020-05-19 00:00:00",0.76558854322799,0.737821656932863,0.793861140570607
"2020-05-20 00:00:00",0.740486958561716,0.71264616322354,0.768853750913096
"2020-05-21 00:00:00",0.716350372502385,0.688351431610792,0.744899645004113
"2020-05-22 00:00:00",0.693210460816445,0.66496363967694,0.722036589665719
"2020-05-23 00:00:00",0.672688277077036,0.644064449584538,0.701925693132737
"2020-05-24 00:00:00",0.656143283420324,0.626973699896037,0.685966781603828
"2020-05-25 00:00:00",0.643892211582991,0.613987319424416,0.674498193235984
"2020-05-26 00:00:00",0.636346984171984,0.60549433985942,0.667955500455199
"2020-05-27 00:00:00",0.632263805473613,0.600273261689839,0.665073143504113
"2020-05-28 00:00:00",0.631860739486576,0.598535855680958,0.66607569721136
"2020-05-29 00:00:00",0.633071893489254,0.598275801538726,0.668837639976449
"2020-05-30 00:00:00",0.635074654136213,0.598703245908315,0.672503423859479
"2020-05-31 00:00:00",0.63957336580964,0.601480700359016,0.678819049422432
"2020-06-01 00:00:00",0.645953895954865,0.606012654093495,0.687151742972686
"2020-06-02 00:00:00",0.656440342975441,0.614447547129056,0.699801482671167
"2020-06-03 00:00:00",0.669985598182408,0.625764878405748,0.715694608659738
"2020-06-04 00:00:00",0.684765351223998,0.638207090708931,0.732939476879867
"2020-06-05 00:00:00",0.701700735155218,0.652683419421034,0.752467593422504
"2020-06-06 00:00:00",0.717026214912664,0.66559073709714,0.770348798583251
"2020-06-07 00:00:00",0.732547609459931,0.678697636051145,0.788424081647884
"2020-06-08 00:00:00",0.747607929613674,0.691387986876799,0.805994101365353
"2020-06-09 00:00:00",0.7604110984599,0.701942346092874,0.8211854509332
"2020-06-10 00:00:00",0.772624526856381,0.711966470186417,0.8357269392214
"2020-06-11 00:00:00",0.783461481701069,0.7207079342121,0.848797168950781
"2020-06-12 00:00:00",0.793354789876169,0.728583086530727,0.860845306681305
"2020-06-13 00:00:00",0.801301505333329,0.734629371048229,0.870828131430922
"2020-06-14 00:00:00",0.807587671043434,0.739120708039008,0.879043949774326
"2020-06-15 00:00:00",0.81415489100325,0.743912275601231,0.887520992045552
"2020-06-16 00:00:00",0.819866801642508,0.747909872888878,0.895081285781124
"2020-06-17 00:00:00",0.825139262519295,0.751501916416864,0.902168959274094
"2020-06-18 00:00:00",0.832103239935771,0.7567171563769,0.911017506670014
"2020-06-19 00:00:00",0.839182294325327,0.762051126492161,0.919978301547024
"2020-06-20 00:00:00",0.850510576096498,0.771443484571166,0.933379630259477
"2020-06-21 00:00:00",0.866525394117116,0.785312302505554,0.951677098784007
"2020-06-22 00:00:00",0.89181161651605,0.808032297896372,0.979664027887858
"2020-06-23 00:00:00",0.926699915235098,0.839948572454387,1.01765329939609
"2020-06-24 00:00:00",0.968547768358362,0.87861091428557,1.06280404331574
"2020-06-25 00:00:00",1.02283592926075,0.9293491121274,1.12073872646801
"2020-06-26 00:00:00",1.0804166490626,0.983586334599308,1.18172772103141
"2020-06-27 00:00:00",1.14079736852954,1.04097984170152,1.24511925236605
"2020-06-28 00:00:00",1.19608588697018,1.09409577628345,1.30255587694141
"2020-06-29 00:00:00",1.24361587060292,1.14042544809477,1.35121159686461
"2020-06-30 00:00:00",1.27977932257809,1.17647668035013,1.38736697103484
"2020-07-01 00:00:00",1.30285324961614,1.20048363093271,1.40935160645051
"2020-07-02 00:00:00",1.31486415574936,1.21423542879005,1.41944168607123
"2020-07-03 00:00:00",1.31850071745747,1.22015766098664,1.42060097404852
"2020-07-04 00:00:00",1.32033350126464,1.22443571838087,1.41979533537623
"2020-07-05 00:00:00",1.31860356890207,1.22527819953097,1.4153054819368
"2020-07-06 00:00:00",1.31489984676441,1.22415488315874,1.40884324931198
"2020-07-07 00:00:00",1.3066157574127,1.21852834481198,1.39773358781377
"2020-07-08 00:00:00",1.29143095457175,1.2061441190149,1.37958991337036
"2020-07-09 00:00:00",1.27214779537678,1.18968977077503,1.35732953237679
"2020-07-10 00:00:00",1.24755046153161,1.16795914230149,1.32972805853273
"2020-07-11 00:00:00",1.21719961915967,1.1404883673965,1.29637227367303
"2020-07-12 00:00:00",1.18568904068429,1.11169821023907,1.26202988910782
"2020-07-13 00:00:00",1.15203629366961,1.08062180378903,1.22570346200036
"2020-07-14 00:00:00",1.12002357442191,1.05090876354057,1.19130830742474
"2020-07-15 00:00:00",1.08478316624149,1.01784298293264,1.15382499726849
"2020-07-16 00:00:00",1.04908030903283,0.984114001400445,1.11609374988591
"2020-07-17 00:00:00",1.01505396962861,0.951808914343152,1.08030455166743
"2020-07-18 00:00:00",0.981700216102757,0.91996032926031,1.04541684161711
"2020-07-19 00:00:00",0.953207088783549,0.892622137896435,1.0157530957583
"2020-07-20 00:00:00",0.927057415242185,0.867364180163412,0.988708951902709
"2020-07-21 00:00:00",0.906681618136449,0.847516466131752,0.967814697765799
"2020-07-22 00:00:00",0.891207336425799,0.832249339313256,0.95215437101421
"2020-07-23 00:00:00",0.881880189480701,0.822781383128679,0.942999590582914
"2020-07-24 00:00:00",0.875714229491941,0.816245797272703,0.937243980142047
"2020-07-25 00:00:00",0.872789445847041,0.812744804501098,0.934943567250749
"2020-07-26 00:00:00",0.87324801575469,0.812443419562238,0.936215636498399
"2020-07-27 00:00:00",0.874052503617349,0.81243546926355,0.937889714018087
"2020-07-28 00:00:00",0.874618663843835,0.812175686658597,0.939341335634487
"2020-07-29 00:00:00",0.87202356630583,0.808863581018865,0.937524113287631
"2020-07-30 00:00:00",0.868366903364875,0.804532779751061,0.934603252372387
"2020-07-31 00:00:00",0.862446425468849,0.798023990050819,0.929333904852497
"2020-08-01 00:00:00",0.853256873555912,0.788357860516938,0.920686296427672
"2020-08-02 00:00:00",0.843764739053406,0.778371841096647,0.911757584043532
"2020-08-03 00:00:00",0.83279845749391,0.766929387435284,0.901342462771413
"2020-08-04 00:00:00",0.820525474303917,0.754178474302811,0.889629535542962
"2020-08-05 00:00:00",0.808562055896639,0.741654088190969,0.878318242666516
"2020-08-06 00:00:00",0.798527719019882,0.730893447281881,0.869112006307351
"2020-08-07 00:00:00",0.79378945433315,0.725099602904553,0.865543275968958
"2020-08-08 00:00:00",0.796475448983778,0.72628317091986,0.869859117725109
"2020-08-09 00:00:00",0.808870467797741,0.736608353580672,0.884465280661683
"2020-08-10 00:00:00",0.83307266144088,0.758088727885877,0.911542078659506
"2020-08-11 00:00:00",0.866971868449931,0.788767847197247,0.948819298032748
"2020-08-12 00:00:00",0.909480816405555,0.82770760708735,0.995050806817034
"2020-08-13 00:00:00",0.958880772386479,0.873398577756398,1.04829662465549
"2020-08-14 00:00:00",1.01308232161274,0.923984721172665,1.10622213255658
"2020-08-15 00:00:00",1.07212801379556,0.979628322929644,1.16874089797719
"2020-08-16 00:00:00",1.13176505755256,1.03635982255004,1.23131101623453
"2020-08-17 00:00:00",1.19187525273206,1.09413354436077,1.29373878131478
"2020-08-18 00:00:00",1.25020345663405,1.15082386816916,1.35363995177249
"2020-08-19 00:00:00",1.30270236003816,1.20253630268934,1.40681826860013
"2020-08-20 00:00:00",1.34575435378335,1.24574669816275,1.44956824295238
"2020-08-21 00:00:00",1.38428670341407,1.2851207992204,1.48708574796839
"2020-08-22 00:00:00",1.41389810020485,1.316320986662,1.51491446180504
"2020-08-23 00:00:00",1.43917898049125,1.34363726317827,1.53795559141963
"2020-08-24 00:00:00",1.45594585808681,1.36290896287965,1.55201099448429
"2020-08-25 00:00:00",1.46369197724951,1.37355123744181,1.55665690511435
"2020-08-26 00:00:00",1.463618598199,1.3766497410286,1.55321356002658
"2020-08-27 00:00:00",1.45212143262878,1.36863084526277,1.53804899284455
"2020-08-28 00:00:00",1.43466031470154,1.35471476773038,1.51686539900447
"2020-08-29 00:00:00",1.41221933933483,1.3358069474468,1.49072701253561
"2020-08-30 00:00:00",1.38801612966486,1.31499820141214,1.46297916901564
"2020-08-31 00:00:00",1.3638358681649,1.29400036956471,1.43548085773644
"2020-09-01 00:00:00",1.33908007380816,1.27222313977992,1.40762498463754
"2020-09-02 00:00:00",1.31569880912276,1.25159003747061,1.38138624565236
"2020-09-03 00:00:00",1.29397837182408,1.23239352951866,1.35704361467046
"2020-09-04 00:00:00",1.27556110832505,1.21623471603668,1.33628037354005
"2020-09-05 00:00:00",1.26341901018322,1.20603012113587,1.32212307240744
"2020-09-06 00:00:00",1.25949441036774,1.20371934774508,1.31651486139115
"2020-09-07 00:00:00",1.26268914479522,1.20829515213523,1.3182638879941
"2020-09-08 00:00:00",1.26980956718145,1.2167051342182,1.3240323981017
"2020-09-09 00:00:00",1.27826301394269,1.2265032164991,1.33107754669256
"2020-09-10 00:00:00",1.28498125548247,1.2347469828239,1.33620310732139
"2020-09-11 00:00:00",1.29306242436875,1.24438259601429,1.34266318318106
"2020-09-12 00:00:00",1.30936944679236,1.26202733144703,1.35757107387851
"2020-09-13 00:00:00",1.33538004064071,1.28911800783339,1.38244620876939
"2020-09-14 00:00:00",1.36607906638888,1.3207712501162,1.41214028906288
"2020-09-15 00:00:00",1.39703039703692,1.35267487431372,1.44209148384592
"2020-09-16 00:00:00",1.42182875040864,1.37857218747198,1.46574420166227
"2020-09-17 00:00:00",1.4340067287437,1.39211784283825,1.47650787364262
"2020-09-18 00:00:00",1.43084347625637,1.39059304935403,1.47166014298105
"2020-09-19 00:00:00",1.41450225188855,1.37605932221382,1.4534674236753
"2020-09-20 00:00:00",1.38839788961467,1.35181800177234,1.42545931625941
"2020-09-21 00:00:00",1.35356373765083,1.31883340567203,1.38873916071137
"2020-09-22 00:00:00",1.3118844059569,1.2789319449955,1.34525017288056
"2020-09-23 00:00:00",1.26437561771813,1.23312868726184,1.29600806337759
"2020-09-24 00:00:00",1.21231511750973,1.1826962940239,1.24229515232915
"2020-09-25 00:00:00",1.15943065059014,1.13130323570228,1.18789864500816
"2020-09-26 00:00:00",1.10917779301216,1.08235411432345,1.13632523119264
"2020-09-27 00:00:00",1.0638226891125,1.03809190943224,1.0898640852435
"2020-09-28 00:00:00",1.02471109684041,0.999853850535968,1.04986930251133
"2020-09-29 00:00:00",0.992220734990496,0.968020752163407,1.01671533219368
"2020-09-30 00:00:00",0.965733258902572,0.942003036459172,0.989754565434631
"2020-10-01 00:00:00",0.94390858526933,0.920504587407882,0.967602298063311
"2020-10-02 00:00:00",0.927334047387847,0.904123209899992,0.950834964698336
"2020-10-03 00:00:00",0.917185480113112,0.894028283617483,0.940634644238494
"2020-10-04 00:00:00",0.913970770865968,0.890727237141055,0.937509515246321
"2020-10-05 00:00:00",0.917359876142688,0.893902628868651,0.941116697892713
"2020-10-06 00:00:00",0.925909644471862,0.902141998362284,0.949982021060807
"2020-10-07 00:00:00",0.937847770968354,0.913713193419685,0.962292571043666
"2020-10-08 00:00:00",0.950732658191431,0.926226075942839,0.975554771903188
"2020-10-09 00:00:00",0.963206293767532,0.938356547239162,0.988376272586566
"2020-10-10 00:00:00",0.974467807486007,0.949323140366194,0.999936564715089
"2020-10-11 00:00:00",0.984436091679192,0.95904749051529,1.01015175369
"2020-10-12 00:00:00",0.992835660517841,0.967254938846636,1.01874559850533
"2020-10-13 00:00:00",0.9991206881542,0.973402619412069,1.02516942057983
"2020-10-14 00:00:00",1.0030672393447,0.977265492422155,1.0292004927397
"2020-10-15 00:00:00",1.00426074569048,0.978430537023004,1.03042279738018
"2020-10-16 00:00:00",1.00341177516509,0.977594452063791,1.02956089226619
"2020-10-17 00:00:00",1.00150168550136,0.975720090480837,1.02761479012578
"2020-10-18 00:00:00",1.00044813744397,0.974693663844949,1.02653377190927
"2020-10-19 00:00:00",1.00122437264706,0.975470029505918,1.02730961320654
"2020-10-20 00:00:00",1.00455319255585,0.978760125619982,1.03067704513025
"2020-10-21 00:00:00",1.01116488813821,0.985286837924273,1.03737371617125
"2020-10-22 00:00:00",1.02132552745937,0.995318747159925,1.04766303967305
"2020-10-23 00:00:00",1.03530468260861,1.00913021078186,1.06180961145788
"2020-10-24 00:00:00",1.05306289526882,1.02669212463309,1.07976340172994
"2020-10-25 00:00:00",1.07356073685132,1.04698906668833,1.10046074582493
"2020-10-26 00:00:00",1.09548423235979,1.0687344087167,1.12256009839922
"2020-10-27 00:00:00",1.11731118047118,1.09043449436072,1.14451051992949
"2020-10-28 00:00:00",1.13714690655975,1.11022407656376,1.16438779056422
"2020-10-29 00:00:00",1.15295823666397,1.12609518868966,1.18013352622674
"2020-10-30 00:00:00",1.16291371062728,1.13623262198857,1.18990013356669
"2020-10-31 00:00:00",1.16722499545755,1.14083487113928,1.19391267757696
"2020-11-01 00:00:00",1.16505682027805,1.13906126714919,1.19134159406584
"2020-11-02 00:00:00",1.15518684396403,1.12968586076594,1.18096849204053
"2020-11-03 00:00:00",1.13710637133621,1.11218818117781,1.16229678342069
"2020-11-04 00:00:00",1.11166044893828,1.0873881811206,1.1361969104367
"2020-11-05 00:00:00",1.08115258542806,1.0575493786943,1.10501267098564
"2020-11-06 00:00:00",1.04814703928185,1.02519413708069,1.07135051830805
"2020-11-07 00:00:00",1.01536084037284,0.992997828936056,1.03796941066031
"2020-11-08 00:00:00",0.985116703325043,0.96324978715864,1.0072256334957
"2020-11-09 00:00:00",0.959370638867991,0.937881726320655,0.981099567076935
"2020-11-10 00:00:00",0.939843506099219,0.918597157907335,0.961329381818483
"2020-11-11 00:00:00",0.926732611597386,0.905596623551122,0.948109023127596
"2020-11-12 00:00:00",0.920227075326846,0.899074631635942,0.94162204118022
"2020-11-13 00:00:00",0.920808158338245,0.89951681707268,0.9423450790464
"2020-11-14 00:00:00",0.929213324236294,0.90766419732469,0.951011746378121
"2020-11-15 00:00:00",0.945731649772386,0.923816416313774,0.967900215434477
"2020-11-16 00:00:00",0.968998159442176,0.946641001257993,0.991612626313753
"2020-11-17 00:00:00",0.997714831330854,0.974874258328743,1.02081620730913
"2020-11-18 00:00:00",1.02938338101248,1.0060675988601,1.05296253832703
"2020-11-19 00:00:00",1.06195403658809,1.03821408215945,1.08595862253267
"2020-11-20 00:00:00",1.09294456016444,1.06887431907367,1.11727908951581
"2020-11-21 00:00:00",1.12026498483739,1.09598742050328,1.14480480658514
"2020-11-22 00:00:00",1.14241507492007,1.1180655730171,1.16702322928853
"2020-11-23 00:00:00",1.15857627778822,1.13428890270521,1.18311735282051
"2020-11-24 00:00:00",1.1681957534483,1.14409704980371,1.19254213242093
"2020-11-25 00:00:00",1.17141751281317,1.14761659003,1.19545932578722
"2020-11-26 00:00:00",1.16940790357189,1.1459831573199,1.1930663529479
"2020-11-27 00:00:00",1.16404820231137,1.14104145970945,1.18728138948821
"2020-11-28 00:00:00",1.15662651000159,1.13405296473238,1.17941942417654
"2020-11-29 00:00:00",1.14821645001298,1.12607133141575,1.17057421146905
"2020-11-30 00:00:00",1.1394624274554,1.11773004039833,1.16140115611522
"2020-12-01 00:00:00",1.13034805914307,1.10901064529728,1.15188596668853
"2020-12-02 00:00:00",1.12135589656557,1.10039044792719,1.14251644416808
"2020-12-03 00:00:00",1.11280938058338,1.09219042474515,1.13361847321467
"2020-12-04 00:00:00",1.10549727994981,1.08519258054715,1.12598756905354
"2020-12-05 00:00:00",1.09980202394465,1.07977606547347,1.12000943204517
"2020-12-06 00:00:00",1.09582586384527,1.07604308094398,1.11578634505914
"2020-12-07 00:00:00",1.09322754433113,1.073658551193,1.11297081575432
"2020-12-08 00:00:00",1.0912000836923,1.0718274000949,1.11074387129392
"2020-12-09 00:00:00",1.08868613524026,1.06950608856137,1.10803427586086
"2020-12-10 00:00:00",1.08552997292705,1.06654293233112,1.10468220995164
"2020-12-11 00:00:00",1.08135931351978,1.06256955048573,1.10031147261953
"2020-12-12 00:00:00",1.07641901203557,1.05782774714335,1.09516998125813
"2020-12-13 00:00:00",1.0710591184965,1.05266271815171,1.08961266786176
"2020-12-14 00:00:00",1.06578026141641,1.04756908780437,1.08414619132646
"2020-12-15 00:00:00",1.06164333064886,1.04359763421688,1.07984156906537
"2020-12-16 00:00:00",1.05885510967076,1.04095322325203,1.07690750492845
"2020-12-17 00:00:00",1.05788214797781,1.0400993912893,1.07581354639345
"2020-12-18 00:00:00",1.05946349331854,1.04177073224916,1.07730316771092
"2020-12-19 00:00:00",1.06365866874107,1.04602900163576,1.08143361881289
"2020-12-20 00:00:00",1.06986071558403,1.0522759967446,1.087589129663
"2020-12-21 00:00:00",1.0759776504961,1.05844158454895,1.09365579539343
"2020-12-22 00:00:00",1.08044931141482,1.06298286945751,1.09805611374134
"2020-12-23 00:00:00",1.08230913212495,1.06494378444317,1.09981297329014
"2020-12-24 00:00:00",1.08122424069599,1.06399356703004,1.09859139746541
"2020-12-25 00:00:00",1.0775085501763,1.06043987272958,1.09471161189977
"2020-12-26 00:00:00",1.07083535666065,1.05395301484185,1.08784997896259
"2020-12-27 00:00:00",1.06140102023624,1.04472203761642,1.07821025999576
"2020-12-28 00:00:00",1.04867194926582,1.03221316039254,1.06525911709781
"2020-12-29 00:00:00",1.0317860554281,1.01556773557646,1.04813107188689
"2020-12-30 00:00:00",1.01012406394851,0.994168267239337,1.02620512340836
"2020-12-31 00:00:00",0.983793934318146,0.968118536433249,0.999593475301449
"2021-01-01 00:00:00",0.954600928260476,0.93920517587241,0.970120108096486
"2021-01-02 00:00:00",0.924769017142842,0.9096288423636,0.940032421010992
"2021-01-03 00:00:00",0.896490612143379,0.881558048755854,0.911546847019715
"2021-01-04 00:00:00",0.871347072710767,0.85655610623902,0.886262897549559
"2021-01-05 00:00:00",0.849471459694714,0.83475275980368,0.86431700721176
"2021-01-06 00:00:00",0.830856908732015,0.816141972528413,0.845701493040808
"2021-01-07 00:00:00",0.815424223461171,0.800647980260334,0.830333698904885
"2021-01-08 00:00:00",0.803066639483922,0.788168088084905,0.818102751838774
"2021-01-09 00:00:00",0.793944550846824,0.778863620899657,0.809168081323461
"2021-01-10 00:00:00",0.788383622999856,0.773058682314387,0.803856887754125
"2021-01-11 00:00:00",0.786850393128436,0.771216253048771,0.802639237116909
"2021-01-12 00:00:00",0.789372744574879,0.773365317439891,0.805541866339084
"2021-01-13 00:00:00",0.795082712508806,0.778649820533912,0.811684818071731
"2021-01-14 00:00:00",0.803120143484176,0.786223899454644,0.820193520752203
"2021-01-15 00:00:00",0.812723843983223,0.795341367514195,0.83029161250597
"2021-01-16 00:00:00",0.823271727566301,0.805394089976518,0.841342884767845
"2021-01-17 00:00:00",0.834220132407131,0.815850187777475,0.852791750865313
"2021-01-18 00:00:00",0.844750371267737,0.825904172876218,0.863806220584583
"2021-01-19 00:00:00",0.854679713560679,0.835377956888739,0.874198854304279
"2021-01-20 00:00:00",0.863194819434532,0.84346895017225,0.883145521441807
"2021-01-21 00:00:00",0.870187372546514,0.85007073123909,0.890535994756098
"2021-01-22 00:00:00",0.875895925438724,0.855418245485814,0.896612452616462
"2021-01-23 00:00:00",0.881143749260251,0.86032320577847,0.902209765423192
"2021-01-24 00:00:00",0.886589404530242,0.865433493293279,0.907997232896808
"2021-01-25 00:00:00",0.891883377185108,0.870401623580846,0.913623355060846
"2021-01-26 00:00:00",0.896745333207259,0.8749502314917,0.918804835375838
"2021-01-27 00:00:00",0.900726240832023,0.878637006563266,0.923085889585609
"2021-01-28 00:00:00",0.903622686691555,0.881262529165051,0.926259075223152
"2021-01-29 00:00:00",0.905660236230796,0.883049324058778,0.928553005577148
"2021-01-30 00:00:00",0.907222029655558,0.884373549229229,0.930357857422098
"2021-01-31 00:00:00",0.909248302145541,0.886160045684322,0.932629345300074
"2021-02-01 00:00:00",0.911852841964596,0.88851841870573,0.935485504037336
"2021-02-02 00:00:00",0.913968096370706,0.890394810471664,0.937845084681544
"2021-02-03 00:00:00",0.914281639169468,0.890496263094844,0.938376135837637
"2021-02-04 00:00:00",0.912234960502172,0.888274429101545,0.936509925475425
"2021-02-05 00:00:00",0.908462386764812,0.884355665761226,0.93288875519557
"2021-02-06 00:00:00",0.9035362390587,0.879301739473871,0.928095591814293
"2021-02-07 00:00:00",0.898494291547565,0.874129453957537,0.923189377808631
"2021-02-08 00:00:00",0.894654754094144,0.870130302675507,0.919515281217619
"2021-02-09 00:00:00",0.892701357180389,0.867973435718045,0.917771751500432
"2021-02-10 00:00:00",0.892910895529251,0.867932319516713,0.918238888925481
"2021-02-11 00:00:00",0.894822260712778,0.869555891696318,0.920445428723604
"2021-02-12 00:00:00",0.898959949172211,0.873364557426,0.924919851172228
"2021-02-13 00:00:00",0.90539278282144,0.87943151327424,0.931726431772453
"2021-02-14 00:00:00",0.914089702590664,0.887733783119604,0.940825788036285
"2021-02-15 00:00:00",0.92452390529691,0.897758992677149,0.951676472491403
"2021-02-16 00:00:00",0.935930648571251,0.908757776685572,0.963498229474986
"2021-02-17 00:00:00",0.946850140299774,0.919296226864867,0.974805243470647
"2021-02-18 00:00:00",0.955593614176417,0.927717089059815,0.983877036007398
"2021-02-19 00:00:00",0.961431284152148,0.933305905076504,0.989968359194675
"2021-02-20 00:00:00",0.964435565811544,0.936133247943928,0.993153496717949
"2021-02-21 00:00:00",0.96523313721951,0.936810976297806,0.994074113195059
"2021-02-22 00:00:00",0.964186445435607,0.935687991347768,0.99310644681659
"2021-02-23 00:00:00",0.962460508486333,0.933904923297536,0.991440115897901
"2021-02-24 00:00:00",0.960170269652675,0.931570177545072,0.98919674659561
"2021-02-25 00:00:00",0.958597355482615,0.929940578485873,0.98768293500653
"2021-02-26 00:00:00",0.958386202514037,0.929644655006463,0.98755920899184
"2021-02-27 00:00:00",0.960707818887289,0.931831870802423,0.990018232934011
"2021-02-28 00:00:00",0.96566456580545,0.936605186955056,0.995161697298001
"2021-03-01 00:00:00",0.97234432051547,0.943073500865609,1.00205623752801
"2021-03-02 00:00:00",0.979753046654056,0.950266206747581,1.00968413206786
"2021-03-03 00:00:00",0.986821832161717,0.957139871065883,1.01695070906136
"2021-03-04 00:00:00",0.992244238371239,0.962416867921596,1.02252044381617
"2021-03-05 00:00:00",0.996470981182856,0.966544907679296,1.02684694218752
"2021-03-06 00:00:00",0.999341018642457,0.969360646698652,1.02977160812777
"2021-03-07 00:00:00",1.0024675367397,0.972442935373085,1.03294226546403
"2021-03-08 00:00:00",1.00662994068557,0.976551349759207,1.03715839528868
"2021-03-09 00:00:00",1.0121323037653,0.981984445590895,1.04272962166504
"2021-03-10 00:00:00",1.0196409924405,0.989402856030765,1.05032792503599
"2021-03-11 00:00:00",1.02862870023278,0.998291478254164,1.05941368048438
"2021-03-12 00:00:00",1.04042900787585,1.00996872450574,1.07133552104727
"2021-03-13 00:00:00",1.05533968356499,1.02473381136527,1.08638963437442
"2021-03-14 00:00:00",1.07379454438221,1.04302109496723,1.10500915631248
"2021-03-15 00:00:00",1.09559199575099,1.06464047832171,1.12698082680902
"2021-03-16 00:00:00",1.11940782706835,1.08829670082706,1.15095128843013
"2021-03-17 00:00:00",1.14401882985577,1.1127968045934,1.17566680303731
"2021-03-18 00:00:00",1.16806531919678,1.13681216494214,1.19973637194102
"2021-03-19 00:00:00",1.18938829848263,1.15821847672084,1.22096622790905
"2021-03-20 00:00:00",1.20710717627454,1.17614270072224,1.23846837713581
"2021-03-21 00:00:00",1.22027314406217,1.18963699872552,1.25129335021221
"2021-03-22 00:00:00",1.22871577189592,1.19851870628748,1.2592833057073
"2021-03-23 00:00:00",1.23232020665503,1.20265676893393,1.26233999856032
"2021-03-24 00:00:00",1.23160345011398,1.20254434692646,1.26100465229129
"2021-03-25 00:00:00",1.22838057040169,1.19995949327519,1.2571296721461
"2021-03-26 00:00:00",1.22409083765487,1.19631073323989,1.25218536611532
"2021-03-27 00:00:00",1.21935507300943,1.19220100750461,1.24681065310435
"2021-03-28 00:00:00",1.21402200979443,1.18747497591543,1.24085843563713
"2021-03-29 00:00:00",1.207572766326,1.18161915089997,1.23380440537733
"2021-03-30 00:00:00",1.19910514736735,1.1737425831747,1.22473504539351
"2021-03-31 00:00:00",1.18708725462401,1.16232856963569,1.21210323567967
"2021-04-01 00:00:00",1.17000295584925,1.14587368723814,1.19438014420404
"2021-04-02 00:00:00",1.14788983810508,1.12441046872843,1.17160845398128
"2021-04-03 00:00:00",1.12158561387297,1.09876140527399,1.14464119362655
"2021-04-04 00:00:00",1.09199903847318,1.06981773292719,1.11440478078145
"2021-04-05 00:00:00",1.05964965230489,1.03808583728542,1.08143206175039
"2021-04-06 00:00:00",1.0254751324272,1.00448933943857,1.04667486974547
"2021-04-07 00:00:00",0.990125210088565,0.969670292674425,1.01079066180908
"2021-04-08 00:00:00",0.954587339706029,0.934606056913809,0.974777027480579
"2021-04-09 00:00:00",0.920506677704816,0.900924157702933,0.940296814166451
"2021-04-10 00:00:00",0.889077681568707,0.869805501371897,0.908558100472415
"2021-04-11 00:00:00",0.861374319515906,0.842311834773312,0.88064713636963
"2021-04-12 00:00:00",0.838397169025087,0.819432723093489,0.857575547018102
"2021-04-13 00:00:00",0.821410053620174,0.802418369278729,0.840620777101157
"2021-04-14 00:00:00",0.810920536681336,0.791771890596096,0.830294793760607
"2021-04-15 00:00:00",0.806416829180561,0.786990657091387,0.826076552064591
"2021-04-16 00:00:00",0.807599635902779,0.787784854872589,0.827657103881274
"2021-04-17 00:00:00",0.814324760852056,0.794020652262463,0.834881636993012
"2021-04-18 00:00:00",0.825885845720184,0.805011122452399,0.847024048803988
"2021-04-19 00:00:00",0.840822993781131,0.819326505984191,0.862593967412188
"2021-04-20 00:00:00",0.857467514760924,0.835332208119335,0.879888249923814
"2021-04-21 00:00:00",0.874050479971212,0.851295587050192,0.897101313808436
"2021-04-22 00:00:00",0.889681092495072,0.866348776948776,0.913319121974665
"2021-04-23 00:00:00",0.90344976225353,0.879601132747269,0.927612945167431
"2021-04-24 00:00:00",0.914896798656543,0.890601398262621,0.939514589516478
"2021-04-25 00:00:00",0.924174927272028,0.899498257420582,0.949180870848833
"2021-04-26 00:00:00",0.930715619176439,0.905726194396043,0.95604036915837
"2021-04-27 00:00:00",0.934669253734771,0.90942781187599,0.960251398034024
"2021-04-28 00:00:00",0.935403376998835,0.90997387196665,0.961178440220032
"2021-04-29 00:00:00",0.932768479257384,0.907211826712576,0.958675177792574
"2021-04-30 00:00:00",0.927250322151272,0.901614323458335,0.953240684392715
"2021-05-01 00:00:00",0.919899935522168,0.894211111290659,0.945947478828669
"2021-05-02 00:00:00",0.912406872223495,0.886660119073612,0.938516977110903
"2021-05-03 00:00:00",0.904917951764226,0.879097990200481,0.931106417011534
"2021-05-04 00:00:00",0.897658829455704,0.871742746154358,0.923949231384016
"2021-05-05 00:00:00",0.890189753377762,0.864160128512027,0.916600223401905
"2021-05-06 00:00:00",0.88210305803763,0.855949732079824,0.908644462353306
"2021-05-07 00:00:00",0.873225695772279,0.846941801814494,0.899905627763225
"2021-05-08 00:00:00",0.863475816769441,0.837054964935491,0.890301465360797
"2021-05-09 00:00:00",0.853430552986165,0.826856221320899,0.880419331509143
"2021-05-10 00:00:00",0.842411736402871,0.815675884490005,0.869572704651132
"2021-05-11 00:00:00",0.830583791712762,0.803673625926664,0.857930914954295
"2021-05-12 00:00:00",0.817529692624841,0.790438694955965,0.845070779938254
"2021-05-13 00:00:00",0.803067766832721,0.775791419909583,0.830808795072206
"2021-05-14 00:00:00",0.787497560706242,0.760024884730624,0.815451176645591
"2021-05-15 00:00:00",0.771400449812101,0.743708329741238,0.799591677547217
"2021-05-16 00:00:00",0.756422315020911,0.728451132682892,0.784913083634323
"2021-05-17 00:00:00",0.742748532246349,0.714425391575869,0.771614544122047
"2021-05-18 00:00:00",0.731277578860808,0.702503915370436,0.760620662404619
"2021-05-19 00:00:00",0.721783583734294,0.692461947576508,0.751704703283765
"2021-05-20 00:00:00",0.713946314676775,0.683984964448209,0.74454089686512
"2021-05-21 00:00:00",0.70755744939641,0.67686684374236,0.738918970952551
"2021-05-22 00:00:00",0.702728285554188,0.671216061947619,0.73495322436951
"2021-05-23 00:00:00",0.700017078893818,0.667579143635194,0.733213725311067
"2021-05-24 00:00:00",0.699401999246515,0.665934867913646,0.733678089015494
"2021-05-25 00:00:00",0.700003588109711,0.665426942209733,0.735443662706936
"2021-05-26 00:00:00",0.701630339206304,0.665875802884341,0.738306735412638
"2021-05-27 00:00:00",0.702655780841031,0.665705377168421,0.74059013073202
"2021-05-28 00:00:00",0.70346422814411,0.665297847234102,0.742680078564376
"2021-05-29 00:00:00",0.704216770863732,0.664812919207416,0.744739036800428
"2021-05-30 00:00:00",0.704862040001611,0.664193323232681,0.746722110862214
"2021-05-31 00:00:00",0.707253695099936,0.665228371242976,0.750548012275783
"2021-06-01 00:00:00",0.711306363934419,0.667826595268469,0.756137941680486
"2021-06-02 00:00:00",0.718001512443988,0.672939994996046,0.764502667160549
"2021-06-03 00:00:00",0.727514062930354,0.680746297237331,0.775813493962936
"2021-06-04 00:00:00",0.739192253096727,0.690627139126253,0.789384130722356
"2021-06-05 00:00:00",0.752349887993304,0.701931496844655,0.804492089532659
"2021-06-06 00:00:00",0.766122658071797,0.71384046049641,0.820226316471386
"2021-06-07 00:00:00",0.781231909899452,0.72707727762289,0.837304092298125
"2021-06-08 00:00:00",0.794754080805075,0.738837568259309,0.852681255548414
"2021-06-09 00:00:00",0.804937684524845,0.747430697957453,0.864545632993535
"2021-06-10 00:00:00",0.809418579841194,0.750588160739276,0.870437026403921
"2021-06-11 00:00:00",0.808831018179994,0.748942837031901,0.870989886590854
"2021-06-12 00:00:00",0.802634916039462,0.741957566878701,0.865663108579726
"2021-06-13 00:00:00",0.790941263003563,0.729691052742976,0.854624693905571
"2021-06-14 00:00:00",0.777973186551338,0.716183340008945,0.842283236702724
"2021-06-15 00:00:00",0.761149180800291,0.698951739455446,0.825959795009435
"2021-06-16 00:00:00",0.742439967370417,0.679853957058868,0.80774230006085
"2021-06-17 00:00:00",0.722454490460178,0.659433392705367,0.788310421722332
"2021-06-18 00:00:00",0.703749800387812,0.640131036102879,0.770339220565673